,left_number,right_number,_OS_CREATED_AT,OS_MERCHANT,OS_HANDLE,INFLUENCER_HANDLE,CODE
0,50000,100000,2022-10-21 11:05:17.701729,Kozy Couch,kozycouch,chelseaericasmith,1662974911
0,50000,100000,2022-10-21 11:05:17.701729,Kozy Couch,kozycouch,chelseaericasmith,1664431477
0,50000,100000,2022-10-21 11:05:17.701729,Kozy Couch,kozycouch,chelseaericasmith,1662645609
0,100000,500000,2022-10-21 11:05:17.701729,Kozy Couch,kozycouch,kasey.moore_,1662975050
0,100000,500000,2022-10-21 11:05:17.701729,Kozy Couch,kozycouch,kasey.moore_,1662646222
0,100000,500000,2022-10-21 11:05:17.701729,Kozy Couch,kozycouch,kasey.moore_,1664431578
0,500000,1000000,2022-10-21 11:05:17.701729,Kozy Couch,kozycouch,lovemilanmarie,1664431423
0,500000,1000000,2022-10-21 11:05:17.701729,Kozy Couch,kozycouch,lovemilanmarie,1662974932
0,500000,1000000,2022-10-21 11:05:17.701729,Kozy Couch,kozycouch,lovemilanmarie,1662646464
0,10000,50000,2022-10-21 11:05:17.701729,Kozy Couch,kozycouch,Tara.dye,1663087018
0,10000,50000,2022-10-21 11:05:17.701729,Kozy Couch,kozycouch,Tara.dye,1664431484
0,10000,50000,2022-10-21 11:05:17.701729,Kozy Couch,kozycouch,its.sage.thyme,1664431468
0,10000,50000,2022-10-21 11:05:17.701729,Kozy Couch,kozycouch,its.sage.thyme,1662974796
0,10000,50000,2022-10-21 11:05:17.701729,Kozy Couch,kozycouch,its.sage.thyme,1662645368
0,10000,50000,2022-10-21 11:05:17.701729,Kozy Couch,kozycouch,Adalynandmommy,1664431487
0,10000,50000,2022-10-21 11:05:17.701729,Kozy Couch,kozycouch,Adalynandmommy,1663087024
0,50000,100000,2022-10-21 11:05:17.701729,Kozy Couch,kozycouch,themhoffers,1664431489
0,50000,100000,2022-10-21 11:05:17.701729,Kozy Couch,kozycouch,themhoffers,1663087071
0,100000,500000,2022-10-21 11:05:17.701729,Kozy Couch,kozycouch,Shawnteltheprototype,1663087087
0,100000,500000,2022-10-21 11:05:17.701729,Kozy Couch,kozycouch,Shawnteltheprototype,1664431999
0,50000,100000,2022-10-21 11:05:17.701729,Kozy Couch,kozycouch,bria.snyder,1664431625
0,50000,100000,2022-10-21 11:05:17.701729,Kozy Couch,kozycouch,bria.snyder,1662646169
0,50000,100000,2022-10-21 11:05:17.701729,Kozy Couch,kozycouch,bria.snyder,1662974858
0,10000,50000,2022-10-21 11:05:17.701729,Epiphanie,epiphanie.co,alyssashenaye,1662646335
0,10000,50000,2022-10-21 11:05:17.701729,Epiphanie,epiphanie.co,alyssashenaye,1662975205
0,10000,50000,2022-10-21 11:05:17.701729,Epiphanie,epiphanie.co,alyssashenaye,1664431698
0,50000,100000,2022-10-21 11:05:17.701729,Epiphanie,epiphanie.co,whatkaliwears,1662645493
0,50000,100000,2022-10-21 11:05:17.701729,Epiphanie,epiphanie.co,whatkaliwears,1662975103
0,50000,100000,2022-10-21 11:05:17.701729,Epiphanie,epiphanie.co,whatkaliwears,1664431913
0,100000,500000,2022-10-21 11:05:17.701729,Epiphanie,epiphanie.co,athomewithastra,1664431628
0,50000,100000,2022-10-21 11:05:17.701729,Epiphanie,epiphanie.co,athomewithastra,1662645713
0,50000,100000,2022-10-21 11:05:17.701729,Epiphanie,epiphanie.co,athomewithastra,1662974799
0,10000,50000,2022-10-21 11:05:17.701729,Epiphanie,epiphanie.co,lexie_byers,1664431557
0,10000,50000,2022-10-21 11:05:17.701729,Epiphanie,epiphanie.co,lexie_byers,1662645401
0,10000,50000,2022-10-21 11:05:17.701729,Epiphanie,epiphanie.co,lexie_byers,1662974773
0,10000,50000,2022-10-21 11:05:17.701729,Epiphanie,epiphanie.co,hautechristian,1662645498
0,10000,50000,2022-10-21 11:05:17.701729,Epiphanie,epiphanie.co,hautechristian,1662974744
0,10000,50000,2022-10-21 11:05:17.701729,Epiphanie,epiphanie.co,hautechristian,1664431478
0,10000,50000,2022-10-21 11:05:17.701729,Epiphanie,epiphanie.co,mypixiedustedlife_,1662975016
0,10000,50000,2022-10-21 11:05:17.701729,Epiphanie,epiphanie.co,mypixiedustedlife_,1662645515
0,10000,50000,2022-10-21 11:05:17.701729,Epiphanie,epiphanie.co,mypixiedustedlife_,1664431791
0,100000,500000,2022-10-21 11:05:17.701729,Epiphanie,epiphanie.co,proasyavlade,1664431907
0,100000,500000,2022-10-21 11:05:17.701729,Epiphanie,epiphanie.co,proasyavlade,1662974748
0,100000,500000,2022-10-21 11:05:17.701729,Epiphanie,epiphanie.co,proasyavlade,1662645548
0,10000,50000,2022-10-21 11:05:17.701729,Epiphanie,epiphanie.co,thedressybostonian,1662646154
0,10000,50000,2022-10-21 11:05:17.701729,Epiphanie,epiphanie.co,thedressybostonian,1664431912
0,10000,50000,2022-10-21 11:05:17.701729,Epiphanie,epiphanie.co,thedressybostonian,1662974740
0,10000,50000,2022-10-21 11:05:17.701729,Epiphanie,epiphanie.co,christywalton__,1662645558
0,10000,50000,2022-10-21 11:05:17.701729,Epiphanie,epiphanie.co,christywalton__,1662974738
0,10000,50000,2022-10-21 11:05:17.701729,Epiphanie,epiphanie.co,christywalton__,1664431602
0,10000,50000,2022-10-21 11:05:17.701729,Epiphanie,epiphanie.co,blancobungalow,1664431784
0,10000,50000,2022-10-21 11:05:17.701729,Epiphanie,epiphanie.co,blancobungalow,1662975225
0,10000,50000,2022-10-21 11:05:17.701729,Epiphanie,epiphanie.co,blancobungalow,1662645531
0,100000,500000,2022-10-21 11:05:17.701729,Epiphanie,epiphanie.co,soydonn,1662974744
0,100000,500000,2022-10-21 11:05:17.701729,Epiphanie,epiphanie.co,soydonn,1664431603
0,100000,500000,2022-10-21 11:05:17.701729,Epiphanie,epiphanie.co,soydonn,1662645690
0,10000,50000,2022-10-21 11:05:17.701729,Epiphanie,epiphanie.co,falonbrianne,1662974742
0,10000,50000,2022-10-21 11:05:17.701729,Epiphanie,epiphanie.co,falonbrianne,1664432130
0,10000,50000,2022-10-21 11:05:17.701729,Epiphanie,epiphanie.co,falonbrianne,1662645717
0,100000,500000,2022-10-21 11:05:17.701729,Epiphanie,epiphanie.co,wanderesskriti,1664431701
0,100000,500000,2022-10-21 11:05:17.701729,Epiphanie,epiphanie.co,wanderesskriti,1662974816
0,100000,500000,2022-10-21 11:05:17.701729,Epiphanie,epiphanie.co,wanderesskriti,1662645392
0,50000,100000,2022-10-21 11:05:17.701729,Epiphanie,epiphanie.co,e.stis,1662645707
0,50000,100000,2022-10-21 11:05:17.701729,Epiphanie,epiphanie.co,e.stis,1664431610
0,50000,100000,2022-10-21 11:05:17.701729,Epiphanie,epiphanie.co,e.stis,1662975110
0,10000,50000,2022-10-21 11:05:17.701729,Epiphanie,epiphanie.co,raisingmavericks,1664431798
0,10000,50000,2022-10-21 11:05:17.701729,Epiphanie,epiphanie.co,raisingmavericks,1662645508
0,10000,50000,2022-10-21 11:05:17.701729,Epiphanie,epiphanie.co,raisingmavericks,1662975071
0,10000,50000,2022-10-21 11:05:17.701729,Epiphanie,epiphanie.co,rina.livinglife,1662974779
0,10000,50000,2022-10-21 11:05:17.701729,Epiphanie,epiphanie.co,rina.livinglife,1662646058
0,10000,50000,2022-10-21 11:05:17.701729,Epiphanie,epiphanie.co,rina.livinglife,1664431953
0,100000,500000,2022-10-21 11:05:17.701729,Epiphanie,epiphanie.co,mamavamerice,1662645498
0,10000,50000,2022-10-21 11:05:17.701729,Jack Archer,jack.archer,amandane_dance,1662645460
0,10000,50000,2022-10-21 11:05:17.701729,Jack Archer,jack.archer,amandane_dance,1664431702
0,10000,50000,2022-10-21 11:05:17.701729,Jack Archer,jack.archer,amandane_dance,1662975275
0,10000,50000,2022-10-21 11:05:17.701729,Jack Archer,jack.archer,crossfitcub,1662974879
0,10000,50000,2022-10-21 11:05:17.701729,Jack Archer,jack.archer,crossfitcub,1662645478
0,10000,50000,2022-10-21 11:05:17.701729,Jack Archer,jack.archer,crossfitcub,1664431787
0,50000,100000,2022-10-21 11:05:17.701729,Jack Archer,jack.archer,navjotkamal,1662975180
0,50000,100000,2022-10-21 11:05:17.701729,Jack Archer,jack.archer,navjotkamal,1662645409
0,50000,100000,2022-10-21 11:05:17.701729,Jack Archer,jack.archer,navjotkamal,1664432085
0,100000,500000,2022-10-21 11:05:17.701729,Jack Archer,jack.archer,joey.gentile,1664431509
0,100000,500000,2022-10-21 11:05:17.701729,Jack Archer,jack.archer,joey.gentile,1662645357
0,100000,500000,2022-10-21 11:05:17.701729,Jack Archer,jack.archer,joey.gentile,1662974848
0,100000,500000,2022-10-21 11:05:17.701729,Jack Archer,jack.archer,berzinsky,1662645504
0,100000,500000,2022-10-21 11:05:17.701729,Jack Archer,jack.archer,berzinsky,1662974731
0,100000,500000,2022-10-21 11:05:17.701729,Jack Archer,jack.archer,berzinsky,1664431893
0,10000,50000,2022-10-21 11:05:17.701729,Jack Archer,jack.archer,theregoesjonathan,1664431507
0,10000,50000,2022-10-21 11:05:17.701729,Jack Archer,jack.archer,theregoesjonathan,1662645374
0,10000,50000,2022-10-21 11:05:17.701729,Jack Archer,jack.archer,theregoesjonathan,1662975131
0,10000,50000,2022-10-21 11:05:17.701729,Jack Archer,jack.archer,tylraustin,1662645344
0,10000,50000,2022-10-21 11:05:17.701729,Jack Archer,jack.archer,tylraustin,1662974898
0,10000,50000,2022-10-21 11:05:17.701729,Jack Archer,jack.archer,tylraustin,1664431656
0,50000,100000,2022-10-21 11:05:17.701729,Jack Archer,jack.archer,pool_jet,1664431890
0,50000,100000,2022-10-21 11:05:17.701729,Jack Archer,jack.archer,pool_jet,1662646041
0,50000,100000,2022-10-21 11:05:17.701729,Jack Archer,jack.archer,pool_jet,1662974737
0,10000,50000,2022-10-21 11:05:17.701729,Jack Archer,jack.archer,firstnamejohnson,1662645430
0,10000,50000,2022-10-21 11:05:17.701729,Jack Archer,jack.archer,firstnamejohnson,1662975298
0,10000,50000,2022-10-21 11:05:17.701729,Ecletticos,ecletticos,happilyheatherj,1662645754
0,10000,50000,2022-10-21 11:05:17.701729,Ecletticos,ecletticos,happilyheatherj,1662974781
0,10000,50000,2022-10-21 11:05:17.701729,Ecletticos,ecletticos,happilyheatherj,1664431617
0,10000,50000,2022-10-21 11:05:17.701729,Ecletticos,ecletticos,littlemrsspooner,1664431479
0,10000,50000,2022-10-21 11:05:17.701729,Ecletticos,ecletticos,littlemrsspooner,1662975100
0,10000,50000,2022-10-21 11:05:17.701729,Ecletticos,ecletticos,littlemrsspooner,1662645645
0,10000,50000,2022-10-21 11:05:17.701729,Ecletticos,ecletticos,the_vintage_bombshell,1662645610
0,10000,50000,2022-10-21 11:05:17.701729,Ecletticos,ecletticos,the_vintage_bombshell,1662975339
0,10000,50000,2022-10-21 11:05:17.701729,Ecletticos,ecletticos,the_vintage_bombshell,1664431640
0,10000,50000,2022-10-21 11:05:17.701729,Ecletticos,ecletticos,josie_ely,1662645417
0,10000,50000,2022-10-21 11:05:17.701729,Ecletticos,ecletticos,josie_ely,1662974875
0,10000,50000,2022-10-21 11:05:17.701729,Ecletticos,ecletticos,josie_ely,1664431885
0,10000,50000,2022-10-21 11:05:17.701729,Ecletticos,ecletticos,sonabonds,1662975145
0,10000,50000,2022-10-21 11:05:17.701729,Ecletticos,ecletticos,sonabonds,1662645528
0,10000,50000,2022-10-21 11:05:17.701729,Ecletticos,ecletticos,sonabonds,1664431621
0,10000,50000,2022-10-21 11:05:17.701729,Ecletticos,ecletticos,theregoesjonathan,1662645345
0,10000,50000,2022-10-21 11:05:17.701729,Ecletticos,ecletticos,theregoesjonathan,1664431623
0,10000,50000,2022-10-21 11:05:17.701729,Ecletticos,ecletticos,theregoesjonathan,1662975121
0,50000,100000,2022-10-21 11:05:17.701729,Ecletticos,ecletticos,mizzerybell,1664431845
0,10000,50000,2022-10-21 11:05:17.701729,Ecletticos,ecletticos,mizzerybell,1662645791
0,50000,100000,2022-10-21 11:05:17.701729,Ecletticos,ecletticos,mizzerybell,1662974792
0,50000,100000,2022-10-21 11:05:17.701729,Ecletticos,ecletticos,soundslikemyexx,1664432219
0,50000,100000,2022-10-21 11:05:17.701729,Ecletticos,ecletticos,soundslikemyexx,1662974808
0,50000,100000,2022-10-21 11:05:17.701729,Ecletticos,ecletticos,soundslikemyexx,1662645536
0,10000,50000,2022-10-21 11:05:17.701729,Ecletticos,ecletticos,gyda.bell,1664431478
0,10000,50000,2022-10-21 11:05:17.701729,Ecletticos,ecletticos,gyda.bell,1662645545
0,10000,50000,2022-10-21 11:05:17.701729,Ecletticos,ecletticos,gyda.bell,1662975279
0,10000,50000,2022-10-21 11:05:17.701729,Ecletticos,ecletticos,big1500_,1664431838
0,10000,50000,2022-10-21 11:05:17.701729,Ecletticos,ecletticos,big1500_,1662645635
0,10000,50000,2022-10-21 11:05:17.701729,Ecletticos,ecletticos,big1500_,1662975245
0,10000,50000,2022-10-21 11:05:17.701729,Ecletticos,ecletticos,e_l_d,1662645744
0,10000,50000,2022-10-21 11:05:17.701729,Ecletticos,ecletticos,e_l_d,1662974836
0,10000,50000,2022-10-21 11:05:17.701729,Ecletticos,ecletticos,e_l_d,1664431549
0,10000,50000,2022-10-21 11:05:17.701729,Ecletticos,ecletticos,lisettejyoga,1662974830
0,10000,50000,2022-10-21 11:05:17.701729,Ecletticos,ecletticos,lisettejyoga,1664431613
0,10000,50000,2022-10-21 11:05:17.701729,Ecletticos,ecletticos,lisettejyoga,1662645669
0,10000,50000,2022-10-21 11:05:17.701729,Ecletticos,ecletticos,kimberlie.kathleen,1662646011
0,10000,50000,2022-10-21 11:05:17.701729,Ecletticos,ecletticos,kimberlie.kathleen,1664431822
0,10000,50000,2022-10-21 11:05:17.701729,Ecletticos,ecletticos,kimberlie.kathleen,1662974840
0,100000,500000,2022-10-21 11:05:17.701729,Ecletticos,ecletticos,satisfylagoon,1664431864
0,100000,500000,2022-10-21 11:05:17.701729,Ecletticos,ecletticos,satisfylagoon,1662974792
0,100000,500000,2022-10-21 11:05:17.701729,Ecletticos,ecletticos,satisfylagoon,1662645663
0,100000,500000,2022-10-21 11:05:17.701729,Ecletticos,ecletticos,aryyzona,1662974735
0,100000,500000,2022-10-21 11:05:17.701729,Ecletticos,ecletticos,aryyzona,1662645893
0,100000,500000,2022-10-21 11:05:17.701729,Ecletticos,ecletticos,aryyzona,1664431616
0,50000,100000,2022-10-21 11:05:17.701729,Ecletticos,ecletticos,avaireland729,1662974791
0,100000,500000,2022-10-21 11:05:17.701729,Ecletticos,ecletticos,avaireland729,1664431764
0,100000,500000,2022-10-21 11:05:17.701729,Ecletticos,ecletticos,avaireland729,1662645672
0,10000,50000,2022-10-21 11:05:17.701729,Ecletticos,ecletticos,jessicabmathie,1662975085
0,10000,50000,2022-10-21 11:05:17.701729,Ecletticos,ecletticos,jessicabmathie,1664431827
0,10000,50000,2022-10-21 11:05:17.701729,Ecletticos,ecletticos,jessicabmathie,1662645825
0,10000,50000,2022-10-21 11:05:17.701729,Necklow,necklowco,labor_nurse_christina,1664431724
0,10000,50000,2022-10-21 11:05:17.701729,Necklow,necklowco,labor_nurse_christina,1662975151
0,10000,50000,2022-10-21 11:05:17.701729,Necklow,necklowco,labor_nurse_christina,1662645604
0,10000,50000,2022-10-21 11:05:17.701729,Necklow,necklowco,raisa.bullard,1662645430
0,10000,50000,2022-10-21 11:05:17.701729,Necklow,necklowco,raisa.bullard,1662975031
0,10000,50000,2022-10-21 11:05:17.701729,Necklow,necklowco,raisa.bullard,1664432388
0,10000,50000,2022-10-21 11:05:17.701729,Necklow,necklowco,happilyheatherj,1662974754
0,10000,50000,2022-10-21 11:05:17.701729,Necklow,necklowco,happilyheatherj,1662646397
0,10000,50000,2022-10-21 11:05:17.701729,Necklow,necklowco,happilyheatherj,1664431454
0,50000,100000,2022-10-21 11:05:17.701729,Necklow,necklowco,unlimitedleezy,1662974768
0,50000,100000,2022-10-21 11:05:17.701729,Necklow,necklowco,unlimitedleezy,1664431815
0,50000,100000,2022-10-21 11:05:17.701729,Necklow,necklowco,unlimitedleezy,1662645927
0,50000,100000,2022-10-21 11:05:17.701729,Necklow,necklowco,gods2lit,1662645375
0,100000,500000,2022-10-21 11:05:17.701729,Necklow,necklowco,gods2lit,1664431496
0,100000,500000,2022-10-21 11:05:17.701729,Necklow,necklowco,gods2lit,1662974788
0,10000,50000,2022-10-21 11:05:17.701729,Necklow,necklowco,iamnancyjay,1662974754
0,10000,50000,2022-10-21 11:05:17.701729,Necklow,necklowco,iamnancyjay,1662645746
0,10000,50000,2022-10-21 11:05:17.701729,Necklow,necklowco,iamnancyjay,1664431725
0,50000,100000,2022-10-21 11:05:17.701729,Necklow,necklowco,lynnloheide,1664431828
0,50000,100000,2022-10-21 11:05:17.701729,Necklow,necklowco,lynnloheide,1662974784
0,50000,100000,2022-10-21 11:05:17.701729,Necklow,necklowco,lynnloheide,1662645465
0,10000,50000,2022-10-21 11:05:17.701729,Necklow,necklowco,sonabonds,1664431668
0,10000,50000,2022-10-21 11:05:17.701729,Necklow,necklowco,sonabonds,1662974763
0,10000,50000,2022-10-21 11:05:17.701729,Necklow,necklowco,sonabonds,1662646268
0,10000,50000,2022-10-21 11:05:17.701729,Necklow,necklowco,patrianasonia,1662646339
0,10000,50000,2022-10-21 11:05:17.701729,Necklow,necklowco,patrianasonia,1664431880
0,10000,50000,2022-10-21 11:05:17.701729,Necklow,necklowco,patrianasonia,1662974824
0,10000,50000,2022-10-21 11:05:17.701729,Necklow,necklowco,gyda.bell,1664431445
0,10000,50000,2022-10-21 11:05:17.701729,Necklow,necklowco,gyda.bell,1662974787
0,10000,50000,2022-10-21 11:05:17.701729,Necklow,necklowco,gyda.bell,1662645366
0,10000,50000,2022-10-21 11:05:17.701729,Necklow,necklowco,big1500_,1664431675
0,10000,50000,2022-10-21 11:05:17.701729,Necklow,necklowco,big1500_,1662975183
0,10000,50000,2022-10-21 11:05:17.701729,Necklow,necklowco,big1500_,1662645393
0,10000,50000,2022-10-21 11:05:17.701729,Necklow,necklowco,e_l_d,1662974754
0,10000,50000,2022-10-21 11:05:17.701729,Necklow,necklowco,e_l_d,1664431439
0,10000,50000,2022-10-21 11:05:17.701729,Necklow,necklowco,e_l_d,1662645720
0,10000,50000,2022-10-21 11:05:17.701729,Necklow,necklowco,peedi_c,1662645841
0,10000,50000,2022-10-21 11:05:17.701729,Necklow,necklowco,peedi_c,1664431677
0,10000,50000,2022-10-21 11:05:17.701729,Necklow,necklowco,peedi_c,1662974792
0,10000,50000,2022-10-21 11:05:17.701729,Necklow,necklowco,itsambaslife,1664431429
0,10000,50000,2022-10-21 11:05:17.701729,Necklow,necklowco,itsambaslife,1662645508
0,10000,50000,2022-10-21 11:05:17.701729,Necklow,necklowco,itsambaslife,1662974784
0,10000,50000,2022-10-21 11:05:17.701729,Necklow,necklowco,imara.grant,1662645451
0,10000,50000,2022-10-21 11:05:17.701729,Necklow,necklowco,imara.grant,1662974788
0,10000,50000,2022-10-21 11:05:17.701729,Necklow,necklowco,imara.grant,1664431627
0,10000,50000,2022-10-21 11:05:17.701729,Necklow,necklowco,kimberlie.kathleen,1664431905
0,10000,50000,2022-10-21 11:05:17.701729,Necklow,necklowco,kimberlie.kathleen,1662975034
0,10000,50000,2022-10-21 11:05:17.701729,Necklow,necklowco,kimberlie.kathleen,1662645716
0,10000,50000,2022-10-21 11:05:17.701729,Necklow,necklowco,cecilialhoward,1662974758
0,10000,50000,2022-10-21 11:05:17.701729,Necklow,necklowco,cecilialhoward,1662646371
0,10000,50000,2022-10-21 11:05:17.701729,Necklow,necklowco,cecilialhoward,1664431801
0,10000,50000,2022-10-21 11:05:17.701729,Necklow,necklowco,txylorwillixms,1662974786
0,10000,50000,2022-10-21 11:05:17.701729,Necklow,necklowco,txylorwillixms,1664431437
0,10000,50000,2022-10-21 11:05:17.701729,Necklow,necklowco,txylorwillixms,1662645784
0,10000,50000,2022-10-21 11:05:17.701729,Necklow,necklowco,justbeingmelani,1662975149
0,10000,50000,2022-10-21 11:05:17.701729,Necklow,necklowco,justbeingmelani,1664431802
0,10000,50000,2022-10-21 11:05:17.701729,Necklow,necklowco,justbeingmelani,1662645473
0,100000,500000,2022-10-21 11:05:17.701729,Necklow,necklowco,katiexfelton,1664431672
0,100000,500000,2022-10-21 11:05:17.701729,Necklow,necklowco,katiexfelton,1662645591
0,100000,500000,2022-10-21 11:05:17.701729,Necklow,necklowco,katiexfelton,1662974789
0,100000,500000,2022-10-21 11:05:17.701729,Necklow,necklowco,lillyjbennett,1662645466
0,100000,500000,2022-10-21 11:05:17.701729,Necklow,necklowco,lillyjbennett,1664431435
0,100000,500000,2022-10-21 11:05:17.701729,Necklow,necklowco,lillyjbennett,1662974786
0,10000,50000,2022-10-21 11:05:17.701729,Necklow,necklowco,stylishpharmacist,1662974755
0,10000,50000,2022-10-21 11:05:17.701729,Necklow,necklowco,stylishpharmacist,1664431506
0,10000,50000,2022-10-21 11:05:17.701729,Necklow,necklowco,stylishpharmacist,1662645931
0,10000,50000,2022-10-21 11:05:17.701729,Necklow,necklowco,tasneemmahmoodd,1662645709
0,10000,50000,2022-10-21 11:05:17.701729,Necklow,necklowco,tasneemmahmoodd,1662974789
0,10000,50000,2022-10-21 11:05:17.701729,Necklow,necklowco,tasneemmahmoodd,1664431626
0,100000,500000,2022-10-21 11:05:17.701729,Necklow,necklowco,avaireland729,1664431668
0,100000,500000,2022-10-21 11:05:17.701729,Necklow,necklowco,avaireland729,1662645423
0,50000,100000,2022-10-21 11:05:17.701729,Necklow,necklowco,avaireland729,1662975091
0,10000,50000,2022-10-21 11:05:17.701729,Beauty Melanin,beauty_melanin_,christinadahlmusic,1664431704
0,10000,50000,2022-10-21 11:05:17.701729,Beauty Melanin,beauty_melanin_,christinadahlmusic,1662645855
0,10000,50000,2022-10-21 11:05:17.701729,Beauty Melanin,beauty_melanin_,christinadahlmusic,1662975306
0,50000,100000,2022-10-21 11:05:17.701729,Beauty Melanin,beauty_melanin_,itsthedonjordan,1662975315
0,50000,100000,2022-10-21 11:05:17.701729,Beauty Melanin,beauty_melanin_,itsthedonjordan,1662645418
0,50000,100000,2022-10-21 11:05:17.701729,Beauty Melanin,beauty_melanin_,itsthedonjordan,1664432559
0,50000,100000,2022-10-21 11:05:17.701729,Beauty Melanin,beauty_melanin_,meant2beaaa,1662974867
0,50000,100000,2022-10-21 11:05:17.701729,Beauty Melanin,beauty_melanin_,meant2beaaa,1664432409
0,50000,100000,2022-10-21 11:05:17.701729,Beauty Melanin,beauty_melanin_,meant2beaaa,1662646235
0,10000,50000,2022-10-21 11:05:17.701729,Beauty Melanin,beauty_melanin_,dinofresh.official,1662974773
0,10000,50000,2022-10-21 11:05:17.701729,Beauty Melanin,beauty_melanin_,dinofresh.official,1664431769
0,10000,50000,2022-10-21 11:05:17.701729,Beauty Melanin,beauty_melanin_,dinofresh.official,1662645957
0,10000,50000,2022-10-21 11:05:17.701729,Beauty Melanin,beauty_melanin_,imara.grant,1662645904
0,10000,50000,2022-10-21 11:05:17.701729,Beauty Melanin,beauty_melanin_,imara.grant,1664431870
0,10000,50000,2022-10-21 11:05:17.701729,Beauty Melanin,beauty_melanin_,imara.grant,1662975192
0,10000,50000,2022-10-21 11:05:17.701729,Beauty Melanin,beauty_melanin_,amma.agyei,1662645397
0,10000,50000,2022-10-21 11:05:17.701729,Beauty Melanin,beauty_melanin_,amma.agyei,1664431836
0,10000,50000,2022-10-21 11:05:17.701729,Beauty Melanin,beauty_melanin_,amma.agyei,1662975218
0,10000,50000,2022-10-21 11:05:17.701729,Beauty Melanin,beauty_melanin_,callaqhill,1662975113
0,10000,50000,2022-10-21 11:05:17.701729,Beauty Melanin,beauty_melanin_,callaqhill,1662646047
0,10000,50000,2022-10-21 11:05:17.701729,Beauty Melanin,beauty_melanin_,callaqhill,1664431544
0,10000,50000,2022-10-21 11:05:17.701729,Beauty Melanin,beauty_melanin_,mskaimichelle,1662645971
0,10000,50000,2022-10-21 11:05:17.701729,Beauty Melanin,beauty_melanin_,mskaimichelle,1664431709
0,10000,50000,2022-10-21 11:05:17.701729,Beauty Melanin,beauty_melanin_,mskaimichelle,1662975258
0,10000,50000,2022-10-21 11:05:17.701729,Beauty Melanin,beauty_melanin_,vivid_dunya,1662645755
0,10000,50000,2022-10-21 11:05:17.701729,Beauty Melanin,beauty_melanin_,vivid_dunya,1662975194
0,10000,50000,2022-10-21 11:05:17.701729,Beauty Melanin,beauty_melanin_,vivid_dunya,1664431461
0,50000,100000,2022-10-21 11:05:17.701729,Beauty Melanin,beauty_melanin_,bpeppersart,1664431850
0,50000,100000,2022-10-21 11:05:17.701729,Beauty Melanin,beauty_melanin_,bpeppersart,1662645757
0,50000,100000,2022-10-21 11:05:17.701729,Beauty Melanin,beauty_melanin_,bpeppersart,1662975326
0,10000,50000,2022-10-21 11:05:17.701729,Beauty Melanin,beauty_melanin_,tukidailyshow,1664432117
0,10000,50000,2022-10-21 11:05:17.701729,Beauty Melanin,beauty_melanin_,tukidailyshow,1662975310
0,10000,50000,2022-10-21 11:05:17.701729,Beauty Melanin,beauty_melanin_,tukidailyshow,1662645472
0,10000,50000,2022-10-21 11:05:17.701729,Beauty Melanin,beauty_melanin_,soogabooga,1662975173
0,10000,50000,2022-10-21 11:05:17.701729,Beauty Melanin,beauty_melanin_,soogabooga,1662645522
0,10000,50000,2022-10-21 11:05:17.701729,Beauty Melanin,beauty_melanin_,soogabooga,1664431703
0,10000,50000,2022-10-21 11:05:17.701729,Beauty Melanin,beauty_melanin_,iice.amber,1664431536
0,10000,50000,2022-10-21 11:05:17.701729,Beauty Melanin,beauty_melanin_,iice.amber,1662975347
0,10000,50000,2022-10-21 11:05:17.701729,Beauty Melanin,beauty_melanin_,iice.amber,1662646244
0,100000,500000,2022-10-21 11:05:17.701729,Beauty Melanin,beauty_melanin_,theankitaagrawal,1662975261
0,100000,500000,2022-10-21 11:05:17.701729,Beauty Melanin,beauty_melanin_,theankitaagrawal,1662645764
0,100000,500000,2022-10-21 11:05:17.701729,Beauty Melanin,beauty_melanin_,theankitaagrawal,1664432416
0,10000,50000,2022-10-21 11:05:17.701729,Hereafter,from_hereafter,christinadahlmusic,1662974934
0,10000,50000,2022-10-21 11:05:17.701729,Hereafter,from_hereafter,christinadahlmusic,1662645818
0,10000,50000,2022-10-21 11:05:17.701729,Hereafter,from_hereafter,christinadahlmusic,1664431544
0,10000,50000,2022-10-21 11:05:17.701729,Hereafter,from_hereafter,lanchaic,1662975220
0,10000,50000,2022-10-21 11:05:17.701729,Hereafter,from_hereafter,lanchaic,1664431869
0,10000,50000,2022-10-21 11:05:17.701729,Hereafter,from_hereafter,lanchaic,1662645951
0,10000,50000,2022-10-21 11:05:17.701729,Hereafter,from_hereafter,kaymcre,1663087029
0,10000,50000,2022-10-21 11:05:17.701729,Hereafter,from_hereafter,kaymcre,1664431567
0,100000,500000,2022-10-21 11:05:17.701729,Hereafter,from_hereafter,ashleynelltipton,1662975322
0,100000,500000,2022-10-21 11:05:17.701729,Hereafter,from_hereafter,ashleynelltipton,1662645381
0,100000,500000,2022-10-21 11:05:17.701729,Hereafter,from_hereafter,ashleynelltipton,1664431640
0,10000,50000,2022-10-21 11:05:17.701729,Hereafter,from_hereafter,the_vintage_bombshell,1664431721
0,10000,50000,2022-10-21 11:05:17.701729,Hereafter,from_hereafter,the_vintage_bombshell,1662975303
0,10000,50000,2022-10-21 11:05:17.701729,Hereafter,from_hereafter,the_vintage_bombshell,1662646317
0,10000,50000,2022-10-21 11:05:17.701729,Hereafter,from_hereafter,oxmxl,1664431632
0,10000,50000,2022-10-21 11:05:17.701729,Hereafter,from_hereafter,oxmxl,1662646263
0,10000,50000,2022-10-21 11:05:17.701729,Hereafter,from_hereafter,oxmxl,1662974747
0,10000,50000,2022-10-21 11:05:17.701729,Hereafter,from_hereafter,mel77wa,1662646031
0,10000,50000,2022-10-21 11:05:17.701729,Hereafter,from_hereafter,mel77wa,1664431777
0,10000,50000,2022-10-21 11:05:17.701729,Hereafter,from_hereafter,mel77wa,1662974771
0,10000,50000,2022-10-21 11:05:17.701729,Hereafter,from_hereafter,momentswithmellissa,1664432004
0,10000,50000,2022-10-21 11:05:17.701729,Hereafter,from_hereafter,momentswithmellissa,1662974826
0,10000,50000,2022-10-21 11:05:17.701729,Hereafter,from_hereafter,momentswithmellissa,1662646114
0,100000,500000,2022-10-21 11:05:17.701729,Hereafter,from_hereafter,_natalii3,1662974924
0,100000,500000,2022-10-21 11:05:17.701729,Hereafter,from_hereafter,_natalii3,1664431509
0,100000,500000,2022-10-21 11:05:17.701729,Hereafter,from_hereafter,_natalii3,1662645760
0,100000,500000,2022-10-21 11:05:17.701729,Hereafter,from_hereafter,kimreed930,1664431721
0,100000,500000,2022-10-21 11:05:17.701729,Hereafter,from_hereafter,kimreed930,1662645528
0,100000,500000,2022-10-21 11:05:17.701729,Hereafter,from_hereafter,kimreed930,1662975204
0,50000,100000,2022-10-21 11:05:17.701729,Hereafter,from_hereafter,just_janci,1664431766
0,10000,50000,2022-10-21 11:05:17.701729,Hereafter,from_hereafter,just_janci,1662646253
0,10000,50000,2022-10-21 11:05:17.701729,Hereafter,from_hereafter,just_janci,1662974783
0,10000,50000,2022-10-21 11:05:17.701729,Hereafter,from_hereafter,megan_bair,1662975333
0,10000,50000,2022-10-21 11:05:17.701729,Hereafter,from_hereafter,megan_bair,1662645659
0,10000,50000,2022-10-21 11:05:17.701729,Hereafter,from_hereafter,megan_bair,1664431739
0,1,5000,2022-10-21 11:05:17.701729,Hereafter,from_hereafter,liveloveprojects,1662974744
0,1,5000,2022-10-21 11:05:17.701729,Hereafter,from_hereafter,liveloveprojects,1664431815
0,1,5000,2022-10-21 11:05:17.701729,Hereafter,from_hereafter,liveloveprojects,1662645771
0,1,5000,2022-10-21 11:05:17.701729,Hereafter,from_hereafter,haleymarie666,1664431429
0,1,5000,2022-10-21 11:05:17.701729,Hereafter,from_hereafter,haleymarie666,1662646276
0,1,5000,2022-10-21 11:05:17.701729,Hereafter,from_hereafter,haleymarie666,1662974802
0,10000,50000,2022-10-21 11:05:17.701729,Hereafter,from_hereafter,darlingstrong,1664431659
0,10000,50000,2022-10-21 11:05:17.701729,Hereafter,from_hereafter,darlingstrong,1662974836
0,10000,50000,2022-10-21 11:05:17.701729,Hereafter,from_hereafter,darlingstrong,1662645585
0,1,5000,2022-10-21 11:05:17.701729,Hereafter,from_hereafter,kclynnmusic,1664431562
0,1,5000,2022-10-21 11:05:17.701729,Hereafter,from_hereafter,kclynnmusic,1663156732
0,10000,50000,2022-10-21 11:05:17.701729,Hereafter,from_hereafter,livingwithjackie_,1662974802
0,10000,50000,2022-10-21 11:05:17.701729,Hereafter,from_hereafter,livingwithjackie_,1662645439
0,10000,50000,2022-10-21 11:05:17.701729,Hereafter,from_hereafter,livingwithjackie_,1664431735
0,100000,500000,2022-10-21 11:05:17.701729,Hereafter,from_hereafter,officialmsharper,1662645870
0,100000,500000,2022-10-21 11:05:17.701729,Hereafter,from_hereafter,officialmsharper,1662974949
0,100000,500000,2022-10-21 11:05:17.701729,Hereafter,from_hereafter,officialmsharper,1664431781
0,10000,50000,2022-10-21 11:05:17.701729,Hereafter,from_hereafter,sofi.s_mommy_world,1662974762
0,10000,50000,2022-10-21 11:05:17.701729,Hereafter,from_hereafter,sofi.s_mommy_world,1662645754
0,10000,50000,2022-10-21 11:05:17.701729,Hereafter,from_hereafter,sofi.s_mommy_world,1664431540
0,10000,50000,2022-10-21 11:05:17.701729,Hereafter,from_hereafter,patrianasonia,1662974943
0,10000,50000,2022-10-21 11:05:17.701729,Hereafter,from_hereafter,patrianasonia,1662645399
0,10000,50000,2022-10-21 11:05:17.701729,Hereafter,from_hereafter,patrianasonia,1664431518
0,10000,50000,2022-10-21 11:05:17.701729,Hereafter,from_hereafter,gyda.bell,1664431782
0,10000,50000,2022-10-21 11:05:17.701729,Hereafter,from_hereafter,gyda.bell,1662645760
0,10000,50000,2022-10-21 11:05:17.701729,Hereafter,from_hereafter,gyda.bell,1662974757
0,10000,50000,2022-10-21 11:05:17.701729,Hereafter,from_hereafter,amanda.bloomquist,1662646050
0,10000,50000,2022-10-21 11:05:17.701729,Hereafter,from_hereafter,amanda.bloomquist,1662974903
0,10000,50000,2022-10-21 11:05:17.701729,Hereafter,from_hereafter,amanda.bloomquist,1664431755
0,10000,50000,2022-10-21 11:05:17.701729,Hereafter,from_hereafter,harpergraemusic,1662645508
0,10000,50000,2022-10-21 11:05:17.701729,Hereafter,from_hereafter,harpergraemusic,1664431727
0,10000,50000,2022-10-21 11:05:17.701729,Hereafter,from_hereafter,harpergraemusic,1662974993
0,10000,50000,2022-10-21 11:05:17.701729,Hereafter,from_hereafter,thechloebeth,1662645791
0,10000,50000,2022-10-21 11:05:17.701729,Hereafter,from_hereafter,thechloebeth,1664431547
0,10000,50000,2022-10-21 11:05:17.701729,Hereafter,from_hereafter,thechloebeth,1662974750
0,10000,50000,2022-10-21 11:05:17.701729,Hereafter,from_hereafter,_lunita,1664431479
0,10000,50000,2022-10-21 11:05:17.701729,Hereafter,from_hereafter,_lunita,1663087017
0,10000,50000,2022-10-21 11:05:17.701729,Hereafter,from_hereafter,sally_belhaj,1662975231
0,10000,50000,2022-10-21 11:05:17.701729,Hereafter,from_hereafter,sally_belhaj,1664431544
0,10000,50000,2022-10-21 11:05:17.701729,Hereafter,from_hereafter,sally_belhaj,1662645798
0,50000,100000,2022-10-21 11:05:17.701729,Hereafter,from_hereafter,raleighlilith,1662646070
0,50000,100000,2022-10-21 11:05:17.701729,Hereafter,from_hereafter,raleighlilith,1664431520
0,50000,100000,2022-10-21 11:05:17.701729,Hereafter,from_hereafter,raleighlilith,1662974962
0,5000,10000,2022-10-21 11:05:17.701729,Hereafter,from_hereafter,sarahjpreston,1664431716
0,5000,10000,2022-10-21 11:05:17.701729,Hereafter,from_hereafter,sarahjpreston,1662645519
0,5000,10000,2022-10-21 11:05:17.701729,Hereafter,from_hereafter,sarahjpreston,1662974731
0,100000,500000,2022-10-21 11:05:17.701729,Hereafter,from_hereafter,miixeddoll,1664431527
0,100000,500000,2022-10-21 11:05:17.701729,Hereafter,from_hereafter,miixeddoll,1662646215
0,100000,500000,2022-10-21 11:05:17.701729,Hereafter,from_hereafter,miixeddoll,1662974736
0,10000,50000,2022-10-21 11:05:17.701729,Hereafter,from_hereafter,jamieeastonn,1662975240
0,10000,50000,2022-10-21 11:05:17.701729,Hereafter,from_hereafter,jamieeastonn,1664431734
0,10000,50000,2022-10-21 11:05:17.701729,Hereafter,from_hereafter,jamieeastonn,1662645464
0,100000,500000,2022-10-21 11:05:17.701729,Hereafter,from_hereafter,ofc.gaines_,1662974910
0,100000,500000,2022-10-21 11:05:17.701729,Hereafter,from_hereafter,ofc.gaines_,1664431836
0,100000,500000,2022-10-21 11:05:17.701729,Hereafter,from_hereafter,ofc.gaines_,1662645832
0,5000,10000,2022-10-21 11:05:17.701729,Hereafter,from_hereafter,positivelyprimary,1662645709
0,5000,10000,2022-10-21 11:05:17.701729,Hereafter,from_hereafter,positivelyprimary,1664431523
0,5000,10000,2022-10-21 11:05:17.701729,Hereafter,from_hereafter,positivelyprimary,1662974917
0,10000,50000,2022-10-21 11:05:17.701729,Hereafter,from_hereafter,london_dayy,1662646406
0,10000,50000,2022-10-21 11:05:17.701729,Hereafter,from_hereafter,london_dayy,1664431459
0,10000,50000,2022-10-21 11:05:17.701729,Hereafter,from_hereafter,london_dayy,1662974803
0,10000,50000,2022-10-21 11:05:17.701729,Hereafter,from_hereafter,lifewiththe_fellers,1662974746
0,10000,50000,2022-10-21 11:05:17.701729,Hereafter,from_hereafter,lifewiththe_fellers,1664432375
0,10000,50000,2022-10-21 11:05:17.701729,Hereafter,from_hereafter,lifewiththe_fellers,1662645686
0,10000,50000,2022-10-21 11:05:17.701729,Hereafter,from_hereafter,brandsbybravo,1664431644
0,10000,50000,2022-10-21 11:05:17.701729,Hereafter,from_hereafter,brandsbybravo,1662975269
0,10000,50000,2022-10-21 11:05:17.701729,Hereafter,from_hereafter,brandsbybravo,1662646182
0,10000,50000,2022-10-21 11:05:17.701729,Hereafter,from_hereafter,brookegriffin.fit,1664431547
0,10000,50000,2022-10-21 11:05:17.701729,Hereafter,from_hereafter,brookegriffin.fit,1662974862
0,10000,50000,2022-10-21 11:05:17.701729,Hereafter,from_hereafter,brookegriffin.fit,1662645999
0,10000,50000,2022-10-21 11:05:17.701729,Hereafter,from_hereafter,r4review,1662974939
0,10000,50000,2022-10-21 11:05:17.701729,Hereafter,from_hereafter,r4review,1662645357
0,10000,50000,2022-10-21 11:05:17.701729,Hereafter,from_hereafter,r4review,1664431514
0,100000,500000,2022-10-21 11:05:17.701729,Hereafter,from_hereafter,ferfloresoficial,1662974792
0,100000,500000,2022-10-21 11:05:17.701729,Hereafter,from_hereafter,ferfloresoficial,1662646005
0,100000,500000,2022-10-21 11:05:17.701729,Hereafter,from_hereafter,ferfloresoficial,1664431523
0,1,5000,2022-10-21 11:05:17.701729,Hereafter,from_hereafter,erikachristiansen,1662646128
0,1,5000,2022-10-21 11:05:17.701729,Hereafter,from_hereafter,erikachristiansen,1662975292
0,1,5000,2022-10-21 11:05:17.701729,Hereafter,from_hereafter,erikachristiansen,1664432512
0,100000,500000,2022-10-21 11:05:17.701729,Hereafter,from_hereafter,k_and_l_asl,1664431873
0,100000,500000,2022-10-21 11:05:17.701729,Hereafter,from_hereafter,k_and_l_asl,1662975271
0,100000,500000,2022-10-21 11:05:17.701729,Hereafter,from_hereafter,k_and_l_asl,1662646082
0,50000,100000,2022-10-21 11:05:17.701729,Hereafter,from_hereafter,marisellabella,1662974820
0,50000,100000,2022-10-21 11:05:17.701729,Hereafter,from_hereafter,marisellabella,1664432469
0,50000,100000,2022-10-21 11:05:17.701729,Hereafter,from_hereafter,marisellabella,1662646185
0,50000,100000,2022-10-21 11:05:17.701729,Hereafter,from_hereafter,goodboy_zax,1662646152
0,50000,100000,2022-10-21 11:05:17.701729,Hereafter,from_hereafter,goodboy_zax,1664431779
0,50000,100000,2022-10-21 11:05:17.701729,Hereafter,from_hereafter,goodboy_zax,1662975243
0,10000,50000,2022-10-21 11:05:17.701729,Hereafter,from_hereafter,raisingthewildboys,1664431516
0,10000,50000,2022-10-21 11:05:17.701729,Hereafter,from_hereafter,raisingthewildboys,1662974911
0,10000,50000,2022-10-21 11:05:17.701729,Hereafter,from_hereafter,raisingthewildboys,1662645900
0,1,5000,2022-10-21 11:05:17.701729,Hereafter,from_hereafter,silver.e,1662974892
0,1,5000,2022-10-21 11:05:17.701729,Hereafter,from_hereafter,silver.e,1662645987
0,1,5000,2022-10-21 11:05:17.701729,Hereafter,from_hereafter,silver.e,1664432030
0,50000,100000,2022-10-21 11:05:17.701729,Hereafter,from_hereafter,ashakosh,1662974826
0,50000,100000,2022-10-21 11:05:17.701729,Hereafter,from_hereafter,ashakosh,1664431736
0,50000,100000,2022-10-21 11:05:17.701729,Hereafter,from_hereafter,ashakosh,1662645578
0,10000,50000,2022-10-21 11:05:17.701729,Hereafter,from_hereafter,catfiig,1662645650
